Sequence,Therapeutic,Target
GYTFTNY,Abciximab,ITGA2B/CD41
YPGNSD,,
YDGYYVFAY,,
RASRDISNNLH,,
YASQSMS,,
QQTNSWPYT,Adalimumab,TNF/TNFA
GFTFDDY,,
TWNSGH,,
VSYLSTASSLDY,,
RASQGIRNYLA,,
AASTLQS,,
QRYNRAPYT,,
GFIFSNH,Infliximab,
RSKSINSA,,
NYYGSTYDY,,
RASQFVGSSIH,,
YASESMS,,
QQSHSWPFT,,
GFTFTDF,Alemtuzumab,CD52
RDKAKGYT,,
EGHTAAPFDY,,
KASQNIDKYLN,,
NTNNLQT,,
LQHISRPRT,,
GFAFSSY,Aducanumab,APP
WFDGTK,,
DRGIGARRGPYYMDV,,
RASQSISSYLN,,
AASSLQS,,
QQSYSTPLT,,
GYYTEAY,Ponezumab,
DPATGN,,
LYSLPVY,,
KSSQSLLYSDAKTYLN,,
QISRLDP,,
LQGTHYPVL,,
GFNIKDT,Anvatabart,ERBB2/CD340/HER2
YPTNGY,,
WGGDGFYAMDY,,
RASQDVNTAVA,,
SASFLYS,,
QQHYTTPPT,,
GFTFTDY,Pertuzumab,
NPNSGG,,
NLGPSFYFDY,,
KASQDVSIGVA,,
SASYRYT,,
QQYYIYPYT,,
GFTFTDY,Arcitumomab,CEA/CEACAMs
GNKANGYT,,
DRGLRFYFDY,,
RASSSVTYIH,,
ATSNLAS,,
QHWSSKPPT,,
GFTFSDS,Atezolizumab,PDL1/CD274
SPYGGS,,
RHWPGGFDY,,
RASQDVSTAVA,,
SASFLYS,,
QQYLYHPAT,,
GFTFSSY,Avelumab,
YPSGGI,,
IKLGTVTTVDY,,
TGTSSDVGGYNYVS,,
DVSNRPS,,
SSYTSSSTRV,,
GDTFSTY,Itanistomig,
IPIFGK,,
KFHFVSGSPFGMDV,,
RASQSVSSYLA,,
DASNRAT,,
QQRSNWPT,,
